<?xml version="1.0" encoding="utf-8"?>
<rss version="2.0" xml:base="https://beta.vizury.com/hop/video/"  xmlns:dc="https://purl.org/dc/elements/1.1/">
<channel>
<title>streams</title>
<link>https://beta.vizury.com/hop/video/</link>
<description></description>

<item><title>watch gcbyv gfdg sfsd livesfsdgfd stream</title><link>	https://beta.vizury.com/hop/video/video-the-best-fifa-football-awards-2024-hd-tv-6601.html	</link><description>&lt;div class=&quot;field field-name-field-date field-type-datetime field-label-above;/div&gt;</description><dc:creator>royal</dc:creator><guid isPermaLink="false">13584 at	https://beta.vizury.com/hop/video/video-the-best-fifa-football-awards-2024-hd-tv-6601.html	</guid></item>
<item><title>watch gcbyv gfdg sfsd livesfsdgfd stream</title><link>	https://beta.vizury.com/hop/video/video-the-best-fifa-football-awards-2024-hd-tv-6602.html	</link><description>&lt;div class=&quot;field field-name-field-date field-type-datetime field-label-above;/div&gt;</description><dc:creator>royal</dc:creator><guid isPermaLink="false">13584 at	https://beta.vizury.com/hop/video/video-the-best-fifa-football-awards-2024-hd-tv-6602.html	</guid></item>
<item><title>watch gcbyv gfdg sfsd livesfsdgfd stream</title><link>	https://beta.vizury.com/hop/video/video-the-best-fifa-football-awards-2024-hd-tv-6603.html	</link><description>&lt;div class=&quot;field field-name-field-date field-type-datetime field-label-above;/div&gt;</description><dc:creator>royal</dc:creator><guid isPermaLink="false">13584 at	https://beta.vizury.com/hop/video/video-the-best-fifa-football-awards-2024-hd-tv-6603.html	</guid></item>
<item><title>watch gcbyv gfdg sfsd livesfsdgfd stream</title><link>	https://beta.vizury.com/hop/video/video-the-best-fifa-football-awards-2024-hd-tv-6604.html	</link><description>&lt;div class=&quot;field field-name-field-date field-type-datetime field-label-above;/div&gt;</description><dc:creator>royal</dc:creator><guid isPermaLink="false">13584 at	https://beta.vizury.com/hop/video/video-the-best-fifa-football-awards-2024-hd-tv-6604.html	</guid></item>
<item><title>watch gcbyv gfdg sfsd livesfsdgfd stream</title><link>	https://beta.vizury.com/hop/video/video-the-best-fifa-football-awards-2024-hd-tv-6605.html	</link><description>&lt;div class=&quot;field field-name-field-date field-type-datetime field-label-above;/div&gt;</description><dc:creator>royal</dc:creator><guid isPermaLink="false">13584 at	https://beta.vizury.com/hop/video/video-the-best-fifa-football-awards-2024-hd-tv-6605.html	</guid></item>
<item><title>watch gcbyv gfdg sfsd livesfsdgfd stream</title><link>	https://beta.vizury.com/hop/video/video-the-best-fifa-football-awards-2024-hd-tv-6606.html	</link><description>&lt;div class=&quot;field field-name-field-date field-type-datetime field-label-above;/div&gt;</description><dc:creator>royal</dc:creator><guid isPermaLink="false">13584 at	https://beta.vizury.com/hop/video/video-the-best-fifa-football-awards-2024-hd-tv-6606.html	</guid></item>
<item><title>watch gcbyv gfdg sfsd livesfsdgfd stream</title><link>	https://beta.vizury.com/hop/video/video-the-best-fifa-football-awards-2024-hd-tv-6607.html	</link><description>&lt;div class=&quot;field field-name-field-date field-type-datetime field-label-above;/div&gt;</description><dc:creator>royal</dc:creator><guid isPermaLink="false">13584 at	https://beta.vizury.com/hop/video/video-the-best-fifa-football-awards-2024-hd-tv-6607.html	</guid></item>
<item><title>watch gcbyv gfdg sfsd livesfsdgfd stream</title><link>	https://beta.vizury.com/hop/video/video-the-best-fifa-football-awards-2024-hd-tv-6608.html	</link><description>&lt;div class=&quot;field field-name-field-date field-type-datetime field-label-above;/div&gt;</description><dc:creator>royal</dc:creator><guid isPermaLink="false">13584 at	https://beta.vizury.com/hop/video/video-the-best-fifa-football-awards-2024-hd-tv-6608.html	</guid></item>
<item><title>watch gcbyv gfdg sfsd livesfsdgfd stream</title><link>	https://beta.vizury.com/hop/video/video-the-best-fifa-football-awards-2024-hd-tv-6609.html	</link><description>&lt;div class=&quot;field field-name-field-date field-type-datetime field-label-above;/div&gt;</description><dc:creator>royal</dc:creator><guid isPermaLink="false">13584 at	https://beta.vizury.com/hop/video/video-the-best-fifa-football-awards-2024-hd-tv-6609.html	</guid></item>
<item><title>watch gcbyv gfdg sfsd livesfsdgfd stream</title><link>	https://beta.vizury.com/hop/video/video-the-best-fifa-football-awards-2024-hd-tv-66010.html	</link><description>&lt;div class=&quot;field field-name-field-date field-type-datetime field-label-above;/div&gt;</description><dc:creator>royal</dc:creator><guid isPermaLink="false">13584 at	https://beta.vizury.com/hop/video/video-the-best-fifa-football-awards-2024-hd-tv-66010.html	</guid></item>
<item><title>watch gcbyv gfdg sfsd livesfsdgfd stream</title><link>	https://beta.vizury.com/hop/video/video-the-best-fifa-football-awards-2024-hd-tv-66011.html	</link><description>&lt;div class=&quot;field field-name-field-date field-type-datetime field-label-above;/div&gt;</description><dc:creator>royal</dc:creator><guid isPermaLink="false">13584 at	https://beta.vizury.com/hop/video/video-the-best-fifa-football-awards-2024-hd-tv-66011.html	</guid></item>
<item><title>watch gcbyv gfdg sfsd livesfsdgfd stream</title><link>	https://beta.vizury.com/hop/video/video-the-best-fifa-football-awards-2024-hd-tv-66012.html	</link><description>&lt;div class=&quot;field field-name-field-date field-type-datetime field-label-above;/div&gt;</description><dc:creator>royal</dc:creator><guid isPermaLink="false">13584 at	https://beta.vizury.com/hop/video/video-the-best-fifa-football-awards-2024-hd-tv-66012.html	</guid></item>
<item><title>watch gcbyv gfdg sfsd livesfsdgfd stream</title><link>	https://beta.vizury.com/hop/video/video-the-best-fifa-football-awards-2024-hd-tv-66013.html	</link><description>&lt;div class=&quot;field field-name-field-date field-type-datetime field-label-above;/div&gt;</description><dc:creator>royal</dc:creator><guid isPermaLink="false">13584 at	https://beta.vizury.com/hop/video/video-the-best-fifa-football-awards-2024-hd-tv-66013.html	</guid></item>
<item><title>watch gcbyv gfdg sfsd livesfsdgfd stream</title><link>	https://beta.vizury.com/hop/video/video-the-best-fifa-football-awards-2024-hd-tv-66014.html	</link><description>&lt;div class=&quot;field field-name-field-date field-type-datetime field-label-above;/div&gt;</description><dc:creator>royal</dc:creator><guid isPermaLink="false">13584 at	https://beta.vizury.com/hop/video/video-the-best-fifa-football-awards-2024-hd-tv-66014.html	</guid></item>
<item><title>watch gcbyv gfdg sfsd livesfsdgfd stream</title><link>	https://beta.vizury.com/hop/video/video-the-best-fifa-football-awards-2024-hd-tv-66015.html	</link><description>&lt;div class=&quot;field field-name-field-date field-type-datetime field-label-above;/div&gt;</description><dc:creator>royal</dc:creator><guid isPermaLink="false">13584 at	https://beta.vizury.com/hop/video/video-the-best-fifa-football-awards-2024-hd-tv-66015.html	</guid></item>
<item><title>watch gcbyv gfdg sfsd livesfsdgfd stream</title><link>	https://beta.vizury.com/hop/video/video-the-best-fifa-football-awards-2024-hd-tv-66016.html	</link><description>&lt;div class=&quot;field field-name-field-date field-type-datetime field-label-above;/div&gt;</description><dc:creator>royal</dc:creator><guid isPermaLink="false">13584 at	https://beta.vizury.com/hop/video/video-the-best-fifa-football-awards-2024-hd-tv-66016.html	</guid></item>
<item><title>watch gcbyv gfdg sfsd livesfsdgfd stream</title><link>	https://beta.vizury.com/hop/video/video-the-best-fifa-football-awards-2024-hd-tv-66017.html	</link><description>&lt;div class=&quot;field field-name-field-date field-type-datetime field-label-above;/div&gt;</description><dc:creator>royal</dc:creator><guid isPermaLink="false">13584 at	https://beta.vizury.com/hop/video/video-the-best-fifa-football-awards-2024-hd-tv-66017.html	</guid></item>
<item><title>watch gcbyv gfdg sfsd livesfsdgfd stream</title><link>	https://beta.vizury.com/hop/video/video-the-best-fifa-football-awards-2024-hd-tv-66018.html	</link><description>&lt;div class=&quot;field field-name-field-date field-type-datetime field-label-above;/div&gt;</description><dc:creator>royal</dc:creator><guid isPermaLink="false">13584 at	https://beta.vizury.com/hop/video/video-the-best-fifa-football-awards-2024-hd-tv-66018.html	</guid></item>
<item><title>watch gcbyv gfdg sfsd livesfsdgfd stream</title><link>	https://beta.vizury.com/hop/video/video-the-best-fifa-football-awards-2024-hd-tv-66019.html	</link><description>&lt;div class=&quot;field field-name-field-date field-type-datetime field-label-above;/div&gt;</description><dc:creator>royal</dc:creator><guid isPermaLink="false">13584 at	https://beta.vizury.com/hop/video/video-the-best-fifa-football-awards-2024-hd-tv-66019.html	</guid></item>
<item><title>watch gcbyv gfdg sfsd livesfsdgfd stream</title><link>	https://beta.vizury.com/hop/video/video-the-best-fifa-football-awards-2024-hd-tv-66020.html	</link><description>&lt;div class=&quot;field field-name-field-date field-type-datetime field-label-above;/div&gt;</description><dc:creator>royal</dc:creator><guid isPermaLink="false">13584 at	https://beta.vizury.com/hop/video/video-the-best-fifa-football-awards-2024-hd-tv-66020.html	</guid></item>
<item><title>watch gcbyv gfdg sfsd livesfsdgfd stream</title><link>	https://beta.vizury.com/hop/video/video-the-best-fifa-football-awards-2024-hd-tv-66021.html	</link><description>&lt;div class=&quot;field field-name-field-date field-type-datetime field-label-above;/div&gt;</description><dc:creator>royal</dc:creator><guid isPermaLink="false">13584 at	https://beta.vizury.com/hop/video/video-the-best-fifa-football-awards-2024-hd-tv-66021.html	</guid></item>
<item><title>watch gcbyv gfdg sfsd livesfsdgfd stream</title><link>	https://beta.vizury.com/hop/video/video-the-best-fifa-football-awards-2024-hd-tv-66022.html	</link><description>&lt;div class=&quot;field field-name-field-date field-type-datetime field-label-above;/div&gt;</description><dc:creator>royal</dc:creator><guid isPermaLink="false">13584 at	https://beta.vizury.com/hop/video/video-the-best-fifa-football-awards-2024-hd-tv-66022.html	</guid></item>
<item><title>watch gcbyv gfdg sfsd livesfsdgfd stream</title><link>	https://beta.vizury.com/hop/video/video-the-best-fifa-football-awards-2024-hd-tv-66023.html	</link><description>&lt;div class=&quot;field field-name-field-date field-type-datetime field-label-above;/div&gt;</description><dc:creator>royal</dc:creator><guid isPermaLink="false">13584 at	https://beta.vizury.com/hop/video/video-the-best-fifa-football-awards-2024-hd-tv-66023.html	</guid></item>
<item><title>watch gcbyv gfdg sfsd livesfsdgfd stream</title><link>	https://beta.vizury.com/hop/video/video-the-best-fifa-football-awards-2024-hd-tv-66024.html	</link><description>&lt;div class=&quot;field field-name-field-date field-type-datetime field-label-above;/div&gt;</description><dc:creator>royal</dc:creator><guid isPermaLink="false">13584 at	https://beta.vizury.com/hop/video/video-the-best-fifa-football-awards-2024-hd-tv-66024.html	</guid></item>

</channel>
</rss>